lesson,q_type,term,line,prompt,correct,wrong1,wrong2,wrong3,option_images,tokens,audio,note,speaker,speaker_emotion
おはようとおやすみのDM,mcq,SUP,SUP,「SUP」の意味は?,調子はどう？／元気？,すぐ戻ります,いいよ・了解,またあとで話そう,,,sup.mp3,調子はどう？／元気？ / 例: She said 'Sup'. / 訳: 彼女は「調子どう？」と言った。 / 略: What's up? を短くした挨拶 / 由来: 「なにしてる？元気？」って友達にサラッと声をかける感じ。返しも同じく「Sup!」でOK。,slango,idle
おはようとおやすみのDM,mcq,BRB,BRB,「BRB」の意味は?,すぐ戻ります,調子はどう？／元気？,いいよ・了解,またあとで話そう,,,brb.mp3,"すぐ戻ります / 例: I'm gonna go eat, brb. / 訳: ちょっと食べてくる、すぐ戻る。 / 略: Be Right Back の頭文字 / 由来: 「ちょっと離れる、すぐ戻るね」って意味。ゲーム中やチャット中に「トイレ行ってくる」的な時に打つよ。",slango,idle
おはようとおやすみのDM,mcq,K,K,「K」の意味は?,いいよ・了解,調子はどう？／元気？,すぐ戻ります,またあとで話そう,,,k.mp3,"いいよ・了解 / 例: K, sounds good. / 訳: 了解、いいね。 / 略: OK の一文字省略 / 由来: 「OK」を1文字にした返事。ただし「K.」って点を付けると『怒ってる？』って思われがち。仲良い相手にだけ使ってね。",slango,idle
おはようとおやすみのDM,mcq,TTYL,TTYL,「TTYL」の意味は?,またあとで話そう,調子はどう？／元気？,すぐ戻ります,いいよ・了解,,,ttyl.mp3,"またあとで話そう / 例: Gotta go, ttyl! / 訳: もう行かなきゃ、またあとで！ / 略: Talk To You Later の頭文字 / 由来: 「またあとで話そう」の意味。おやすみ前や電話を切る時の「じゃあね〜」感覚。",slango,idle
おはようとおやすみのDM,mcq,TTYL,"Ok, _____!　(じゃあまたね！)",空欄に入るのは?,TTYL,Bro,Hilarious,Squad,,,ttyl.mp3,"またあとで話そう / 例: Ok, Ttyl! / 訳: じゃあまたね！ / 略: Talk To You Later の頭文字 / 由来: 「またあとで話そう」の意味。おやすみ前や電話を切る時の「じゃあね〜」感覚。",slango,idle
おはようとおやすみのDM,mcq_image,TTYL,TTYL,「TTYL」に合う意味は?,👋 またあとで話そう,💯 ガチで・かなり,💬 おしゃべりする・喋りすぎる,🎉 遊ぶ・つるむ,,,ttyl.mp3,"またあとで話そう / 例: Ok, ttyl! / 訳: じゃあまたね！ / 略: Talk To You Later の頭文字 / 由来: 「またあとで話そう」の意味。おやすみ前や電話を切る時の「じゃあね〜」感覚。",slango,idle
週末どこ行く？の予定バトル,mcq,ASAP,ASAP,「ASAP」の意味は?,出来るだけ早く,ところで,何してるの？,大した事ない,,,asap.mp3,出来るだけ早く / 例: Send it asap. / 訳: 出来るだけ早く送って。 / 略: As Soon As Possible の頭文字 / 由来: 「できるだけ早く」の意味。日本語の「なるはや」の英語版。仕事のメールでもよく使う。,plamon,idle
週末どこ行く？の予定バトル,mcq,ASAP,Send it _____.　(できるだけ早く送って。),空欄に入るのは?,ASAP,The audacity,Gross,LMAO,,,asap.mp3,出来るだけ早く / 例: Send it Asap. / 訳: できるだけ早く送って。 / 略: As Soon As Possible の頭文字 / 由来: 「できるだけ早く」の意味。日本語の「なるはや」の英語版。仕事のメールでもよく使う。,plamon,idle
週末どこ行く？の予定バトル,mcq_image,ASAP,ASAP,「ASAP」に合う意味は?,⚡ 出来るだけ早く,💬 理解したよ・わかった,💬 雰囲気・フィーリング・ノリ,💯 マジで？・ほんとに？,,,asap.mp3,出来るだけ早く / 例: Send it asap. / 訳: できるだけ早く送って。 / 略: As Soon As Possible の頭文字 / 由来: 「できるだけ早く」の意味。日本語の「なるはや」の英語版。仕事のメールでもよく使う。,plamon,idle
週末どこ行く？の予定バトル,mcq,BTW,BTW,「BTW」の意味は?,ところで,出来るだけ早く,何してるの？,大した事ない,,,btw.mp3,"ところで / 例: Btw, are you coming? / 訳: ところで、来るの？ / 略: By The Way の頭文字 / 由来: 「そういえば」「ところで」って話題を切り替える時の合図。メールでもチャットでも自然に使えるよ。",plamon,idle
週末どこ行く？の予定バトル,mcq,BTW,"_____, are you free?　(ところで、暇？)",空欄に入るのは?,BTW,Bet,Ick,Bestie,,,btw.mp3,"ところで / 例: Btw, are you free? / 訳: ところで、暇？ / 略: By The Way の頭文字 / 由来: 「そういえば」「ところで」って話題を切り替える時の合図。メールでもチャットでも自然に使えるよ。",plamon,idle
週末どこ行く？の予定バトル,mcq_image,BTW,BTW,「BTW」に合う意味は?,💡 ところで,💬 実は・ちょっと,👋 またあとで話そう,💬 そういうこと・その通り,,,btw.mp3,"ところで / 例: Btw, are you free? / 訳: ところで、暇？ / 略: By The Way の頭文字 / 由来: 「そういえば」「ところで」って話題を切り替える時の合図。メールでもチャットでも自然に使えるよ。",plamon,idle
週末どこ行く？の予定バトル,mcq,WYD,WYD,「WYD」の意味は?,何してるの？,出来るだけ早く,ところで,大した事ない,,,wyd.mp3,何してるの？ / 例: Wyd in this situation? / 訳: こういう時どうする？ / 略: What (are) You Doing? の省略 / 由来: 「なにしてる？」って友達に軽く聞く時。ちょっとチャラい感じもあるので、恋人候補に送ることもあるフレーズ。,plamon,idle
週末どこ行く？の予定バトル,mcq,NBD,NBD,「NBD」の意味は?,大した事ない,出来るだけ早く,ところで,何してるの？,,,nbd.mp3,大した事ない / 例: It's nbd to walk away. / 訳: 立ち去るくらい大したことない。 / 略: No Big Deal の頭文字 / 由来: 「ぜんぜん気にしないで！」「大したことないよ」って返す時に。お礼や謝罪への軽い返しにピッタリ。,plamon,idle
爆笑チャットの秒返し,mcq,LOL,LOL,「LOL」の意味は?,(笑)／笑える,ウケる／(爆),それな／だよね,私のミス／ごめん,,,lol.mp3,(笑)／笑える / 例: That's so funny lol. / 訳: めっちゃ面白い(笑)。 / 略: Laugh Out Loud の頭文字 / 由来: 「声出して笑ってる」の意味で、日本語の「(笑)」と同じ使い方。ネットで一番よく使われる略語だよ。,wramon,idle
爆笑チャットの秒返し,mcq,LMAO,LMAO,「LMAO」の意味は?,ウケる／(爆),(笑)／笑える,それな／だよね,私のミス／ごめん,,,lmao.mp3,ウケる／(爆) / 例: We were joking LMAO. / 訳: 冗談言ってたウケる。 / 略: Laughing My Ass Off の頭文字 / 由来: 直訳は「お尻が取れるほど笑う」でLOLよりずっと強い笑い。「もう爆笑!!」ってレベル。ちょっとお下品なので、目上の人には使わないでね。,wramon,idle
爆笑チャットの秒返し,mcq,LMAO,_____ that's so funny.　(草、めっちゃ面白い。),空欄に入るのは?,LMAO,No cap,That's the tea,Glow up,,,lmao.mp3,草・大爆笑 / 例: LMAO that's so funny. / 訳: 草、めっちゃ面白い。 / 略: Laughing My Ass Off の頭文字 / 由来: 直訳は「お尻が取れるほど笑う」でLOLよりずっと強い笑い。「もう爆笑!!」ってレベル。ちょっとお下品なので、目上の人には使わないでね。,wramon,idle
爆笑チャットの秒返し,mcq_image,LMAO,LMAO,「LMAO」に合う意味は?,😂 草・大爆笑,💬 〜の一人称視点で,💬 I'm deadの強化版）,💬 こんにちは・やあ,,,lmao.mp3,草・大爆笑 / 例: LMAO that's so funny. / 訳: 草、めっちゃ面白い。 / 略: Laughing My Ass Off の頭文字 / 由来: 直訳は「お尻が取れるほど笑う」でLOLよりずっと強い笑い。「もう爆笑!!」ってレベル。ちょっとお下品なので、目上の人には使わないでね。,wramon,idle
爆笑チャットの秒返し,mcq,IKR,IKR,「IKR」の意味は?,それな／だよね,(笑)／笑える,ウケる／(爆),私のミス／ごめん,,,ikr.mp3,"それな／だよね / 例: IKR, so true! / 訳: それな、ほんとそう！ / 略: I Know, Right? の頭文字 / 由来: 「わかる〜！それな！」って強く同意する時。友達のグチや感想に「Ikr!!」って返せば「全力共感！」になるよ。",wramon,idle
爆笑チャットの秒返し,mcq,MB,MB,「MB」の意味は?,私のミス／ごめん,(笑)／笑える,ウケる／(爆),それな／だよね,,,mb.mp3,"私のミス／ごめん / 例: Oh sorry, was afk, mb. / 訳: ごめん、離席してた、私のミス。 / 略: My Bad の頭文字 / 由来: 「ごめん、私のミス!」を短くしたもの。ゲームやスポーツで軽くミスした時「MB!」ってサッと言う感じ。",wramon,idle
腹筋崩壊！笑いのリアクション,mcq,I'm dead,I'm dead,「I'm dead」の意味は?,面白すぎ／爆笑,I'm dead,ツボった／爆笑した,took me out,,,i-m-dead.mp3,面白すぎ／爆笑 / 例: I was dead! / 訳: 面白すぎた！ / 由来: 直訳は「死んでる」。でも本当の意味は「面白すぎて笑い死んだ!」。日本の「死ぬwww」と全く同じイメージだよ。,bakumon,idle
腹筋崩壊！笑いのリアクション,mcq,I'm dead,I was dead!　(面白すぎた！),空欄に入るのは?,I'm dead,no worries,I'm running behind,for now,,,i-m-dead.mp3,面白すぎた！ / 例: I was dead! / 訳: 面白すぎた！ / 由来: 直訳は「死んでる」。でも本当の意味は「面白すぎて笑い死んだ!」。日本の「死ぬwww」と全く同じイメージだよ。,bakumon,idle
腹筋崩壊！笑いのリアクション,listen,I'm dead,I'm dead,何と言っていますか?,I'm dead,I'm dad,,,,,i-m-dead.mp3,面白すぎ／爆笑 / 例: I was dead! / 訳: 面白すぎた！ / 由来: 直訳は「死んでる」。でも本当の意味は「面白すぎて笑い死んだ!」。日本の「死ぬwww」と全く同じイメージだよ。,bakumon,idle
腹筋崩壊！笑いのリアクション,mcq_image,I'm dead,I'm dead,「I'm dead」に合う意味は?,😂 面白すぎ／爆笑,🙅 確かに／絶対そう,😋 すごい！／最高！,🗣️ 噂話して／ぶっちゃけて,,,i-m-dead.mp3,面白すぎ／爆笑 / 例: I was dead! / 訳: 面白すぎた！ / 由来: 直訳は「死んでる」。でも本当の意味は「面白すぎて笑い死んだ!」。日本の「死ぬwww」と全く同じイメージだよ。,bakumon,idle
腹筋崩壊！笑いのリアクション,mcq,took me out,took me out,「took me out」の意味は?,ツボった／爆笑した,噂話して／ぶっちゃけて,ちょっとパニックになってる,イタい／見てられない,,,took-me-out.mp3,ツボった／爆笑した / 例: That video took me out! / 訳: その動画でツボった！ / 由来: 直訳「私をノックアウトした」。面白すぎて倒されちゃった=爆笑した!って意味。TikTokで面白い動画にコメントする時の定番。,bakumon,idle
腹筋崩壊！笑いのリアクション,mcq,took me out,That video ____!　(その動画でツボった！),空欄に入るのは?,took me out,exactly my thought,let's roll,tell me about it,,,took-me-out.mp3,その動画でツボった！ / 例: That video ____! / 訳: その動画でツボった！ / 由来: 直訳「私をノックアウトした」。面白すぎて倒されちゃった=爆笑した!って意味。TikTokで面白い動画にコメントする時の定番。,bakumon,idle
腹筋崩壊！笑いのリアクション,listen,took me out,took me out,何と言っていますか?,took me out,took me about,,,,,took-me-out.mp3,ツボった／爆笑した / 例: That video took me out! / 訳: その動画でツボった！ / 由来: 直訳「私をノックアウトした」。面白すぎて倒されちゃった=爆笑した!って意味。TikTokで面白い動画にコメントする時の定番。,bakumon,idle
腹筋崩壊！笑いのリアクション,mcq_image,took me out,took me out,「took me out」に合う意味は?,😂 ツボった／爆笑した,🙌 わかるよ／同感,😳 やばすぎ／常識外れ,😂 面白すぎ／爆笑,,,took-me-out.mp3,ツボった／爆笑した / 例: That video took me out! / 訳: その動画でツボった！ / 由来: 直訳「私をノックアウトした」。面白すぎて倒されちゃった=爆笑した!って意味。TikTokで面白い動画にコメントする時の定番。,bakumon,idle
腹筋崩壊！笑いのリアクション,mcq,hilarious,hilarious,「hilarious」の意味は?,ウケる・超面白い,面白すぎ／爆笑,I'm dead,ツボった／爆笑した,,,hilarious.mp3,ウケる・超面白い / 例: That's hilarious! / 訳: ウケる！ / 由来: 「腹を抱えて笑う」くらい面白いって意味。「funny(面白い)」より一段強いから、本当にツボった時に使ってね。,bakumon,idle
腹筋崩壊！笑いのリアクション,mcq,hilarious,That's _____!　(ウケる！),空欄に入るのは?,hilarious,Deceased,Screaming,Vibe,,,hilarious.mp3,ウケる・超面白い / 例: That's Hilarious! / 訳: ウケる！ / 由来: 「腹を抱えて笑う」くらい面白いって意味。「funny(面白い)」より一段強いから、本当にツボった時に使ってね。,bakumon,idle
腹筋崩壊！笑いのリアクション,listen,hilarious,hilarious,何と言っていますか?,hilarious,Hilarity,,,,,hilarious.mp3,ウケる・超面白い / 例: That's hilarious! / 訳: ウケる！ / 由来: 「腹を抱えて笑う」くらい面白いって意味。「funny(面白い)」より一段強いから、本当にツボった時に使ってね。,bakumon,idle
腹筋崩壊！笑いのリアクション,mcq_image,hilarious,hilarious,「hilarious」に合う意味は?,😂 ウケる・超面白い,💬 今から〜する,💬 異性を惹きつける力・魅力,🤝 親友・仲間,,,hilarious.mp3,ウケる・超面白い / 例: That's hilarious! / 訳: ウケる！ / 由来: 「腹を抱えて笑う」くらい面白いって意味。「funny(面白い)」より一段強いから、本当にツボった時に使ってね。,bakumon,idle
カフェで秘密の暴露タイム,mcq,spill the tea,spill the tea,「spill the tea」の意味は?,噂話して／ぶっちゃけて,ちょっとパニックになってる,ツボった／爆笑した,イタい／見てられない,,,spill-the-tea.mp3,噂話して／ぶっちゃけて / 例: Spill the tea! / 訳: ねぇ！話してよ！ / 由来: 昔からお茶を飲みながらオシャベリするから「tea(お茶)= ウワサ話」の意味に。「お茶(=秘密)をこぼす」で「ウワサ話をぶちまける」ってこと。「Spill the tea!」で「ねぇねぇ、話して話して!」の意味。,teamon,idle
カフェで秘密の暴露タイム,mcq,spill the tea,____!　(ねぇ！話してよ！),空欄に入るのは?,spill the tea,for now,I'm running late,if you say so,,,spill-the-tea.mp3,ねぇ！話してよ！ / 例: ____! / 訳: ねぇ！話してよ！ / 由来: 昔からお茶を飲みながらオシャベリするから「tea(お茶)= ウワサ話」の意味に。「お茶(=秘密)をこぼす」で「ウワサ話をぶちまける」ってこと。「Spill the tea!」で「ねぇねぇ、話して話して!」の意味。,teamon,idle
カフェで秘密の暴露タイム,listen,spill the tea,spill the tea,何と言っていますか?,spill the tea,spell the tea,,,,,spill-the-tea.mp3,噂話して／ぶっちゃけて / 例: Spill the tea! / 訳: ねぇ！話してよ！ / 由来: 昔からお茶を飲みながらオシャベリするから「tea(お茶)= ウワサ話」の意味に。「お茶(=秘密)をこぼす」で「ウワサ話をぶちまける」ってこと。「Spill the tea!」で「ねぇねぇ、話して話して!」の意味。,teamon,idle
カフェで秘密の暴露タイム,mcq_image,spill the tea,spill the tea,「spill the tea」に合う意味は?,🗣️ 噂話して／ぶっちゃけて,👋 またね／じゃあね,💬 忘れちゃった,💯 マジで！？／うそでしょ！,,,spill-the-tea.mp3,噂話して／ぶっちゃけて / 例: Spill the tea! / 訳: ねぇ！話してよ！ / 由来: 昔からお茶を飲みながらオシャベリするから「tea(お茶)= ウワサ話」の意味に。「お茶(=秘密)をこぼす」で「ウワサ話をぶちまける」ってこと。「Spill the tea!」で「ねぇねぇ、話して話して!」の意味。,teamon,idle
カフェで秘密の暴露タイム,mcq,ghost,ghost,「ghost」の意味は?,急に連絡を絶つ,噂話して／ぶっちゃけて,spill the tea,ghost,,,ghost.mp3,急に連絡を絶つ / 例: She ghosted me after our date. / 訳: デートのあと彼女が音信不通になった。 / 由来: 「幽霊(ghost)みたいにスーッと消える」からきてる言葉。デート相手が返事もしないで急に音信不通になっちゃう時に「ghosted された」って使うよ。,teamon,idle
カフェで秘密の暴露タイム,mcq,ghost,She ____ed me after our date.　(デートのあと彼女が音信不通になった。),空欄に入るのは?,ghost,whatever,cringe,fire,,,ghost.mp3,デートのあと彼女が音信不通になった。 / 例: She ____ed me after our date. / 訳: デートのあと彼女が音信不通になった。 / 由来: 「幽霊(ghost)みたいにスーッと消える」からきてる言葉。デート相手が返事もしないで急に音信不通になっちゃう時に「ghosted された」って使うよ。,teamon,idle
カフェで秘密の暴露タイム,listen,ghost,ghost,何と言っていますか?,ghost,goat,,,,,ghost.mp3,急に連絡を絶つ / 例: She ghosted me after our date. / 訳: デートのあと彼女が音信不通になった。 / 由来: 「幽霊(ghost)みたいにスーッと消える」からきてる言葉。デート相手が返事もしないで急に音信不通になっちゃう時に「ghosted された」って使うよ。,teamon,idle
カフェで秘密の暴露タイム,mcq_image,ghost,ghost,「ghost」に合う意味は?,👻 急に連絡を絶つ,👍 どうでもいいよ,😋 超イケてる／最高,😰 イライラ／焦ってる,,,ghost.mp3,急に連絡を絶つ / 例: She ghosted me after our date. / 訳: デートのあと彼女が音信不通になった。 / 由来: 「幽霊(ghost)みたいにスーッと消える」からきてる言葉。デート相手が返事もしないで急に音信不通になっちゃう時に「ghosted された」って使うよ。,teamon,idle
カフェで秘密の暴露タイム,mcq,cringe,cringe,「cringe」の意味は?,イタい／見てられない,噂話して／ぶっちゃけて,spill the tea,急に連絡を絶つ,,,cringe.mp3,イタい／見てられない / 例: That TikTok was so cringe. / 訳: あのTikTok、まじで痛かった。 / 由来: 見てるこっちが「うわ〜」って身をすくめちゃうくらい痛々しい、恥ずかしい、って意味。イタい動画やSNS投稿を見た時の反応にピッタリ。,teamon,idle
カフェで秘密の暴露タイム,mcq,cringe,That TikTok was so ____.　(あのTikTok、まじで痛かった。),空欄に入るのは?,cringe,bet,lit,salty,,,cringe.mp3,あのTikTok、まじで痛かった。 / 例: That TikTok was so ____. / 訳: あのTikTok、まじで痛かった。 / 由来: 見てるこっちが「うわ〜」って身をすくめちゃうくらい痛々しい、恥ずかしい、って意味。イタい動画やSNS投稿を見た時の反応にピッタリ。,teamon,idle
カフェで秘密の暴露タイム,listen,cringe,cringe,何と言っていますか?,cringe,crunch,,,,,cringe.mp3,イタい／見てられない / 例: That TikTok was so cringe. / 訳: あのTikTok、まじで痛かった。 / 由来: 見てるこっちが「うわ〜」って身をすくめちゃうくらい痛々しい、恥ずかしい、って意味。イタい動画やSNS投稿を見た時の反応にピッタリ。,teamon,idle
カフェで秘密の暴露タイム,mcq_image,cringe,cringe,「cringe」に合う意味は?,😬 イタい／見てられない,😰 イライラ／焦ってる,💬 うらやましい,😋 美味しそう／かっこいい,,,cringe.mp3,イタい／見てられない / 例: That TikTok was so cringe. / 訳: あのTikTok、まじで痛かった。 / 由来: 見てるこっちが「うわ〜」って身をすくめちゃうくらい痛々しい、恥ずかしい、って意味。イタい動画やSNS投稿を見た時の反応にピッタリ。,teamon,idle
カフェで秘密の暴露タイム,mcq,out of pocket,out of pocket,「out of pocket」の意味は?,やばすぎ／常識外れ,噂話して／ぶっちゃけて,spill the tea,急に連絡を絶つ,,,out-of-pocket.mp3,やばすぎ／常識外れ / 例: That's so out of pocket! / 訳: それやばすぎでしょ! / 由来: 直訳は「ポケットから外」で「常識のワクからハミ出てる」イメージ。誰かがぶっ飛んだ発言や行動をした時に「out of pocket!」って呆れ半分で使うよ。,teamon,idle
カフェで秘密の暴露タイム,mcq,out of pocket,That's so ____!　(それやばすぎでしょ!),空欄に入るのは?,out of pocket,hits different,I'm dead,if you say so,,,out-of-pocket.mp3,それやばすぎでしょ! / 例: That's so ____! / 訳: それやばすぎでしょ! / 由来: 直訳は「ポケットから外」で「常識のワクからハミ出てる」イメージ。誰かがぶっ飛んだ発言や行動をした時に「out of pocket!」って呆れ半分で使うよ。,teamon,idle
カフェで秘密の暴露タイム,listen,out of pocket,out of pocket,何と言っていますか?,out of pocket,out of packet,,,,,out-of-pocket.mp3,やばすぎ／常識外れ / 例: That's so out of pocket! / 訳: それやばすぎでしょ! / 由来: 直訳は「ポケットから外」で「常識のワクからハミ出てる」イメージ。誰かがぶっ飛んだ発言や行動をした時に「out of pocket!」って呆れ半分で使うよ。,teamon,idle
カフェで秘密の暴露タイム,mcq_image,out of pocket,out of pocket,「out of pocket」に合う意味は?,😳 やばすぎ／常識外れ,💬 ⏰ 遅れそう,🙅 確かに／絶対そう,🙌 超わかる／それな,,,out-of-pocket.mp3,やばすぎ／常識外れ / 例: That's so out of pocket! / 訳: それやばすぎでしょ! / 由来: 直訳は「ポケットから外」で「常識のワクからハミ出てる」イメージ。誰かがぶっ飛んだ発言や行動をした時に「out of pocket!」って呆れ半分で使うよ。,teamon,idle
カフェで秘密の暴露タイム,mcq,the audacity,the audacity,「the audacity」の意味は?,よくもそんなことを！,噂話して／ぶっちゃけて,spill the tea,急に連絡を絶つ,,,the-audacity.mp3,よくもそんなことを！ / 例: The audacity of him! / 訳: 彼、よくもそんなこと！ / 由来: 「よくもまあ!」って呆れたリアクション。誰かが図々しいことをした時、「The audacity!!」って叫ぶだけで「信じられない!」の気持ちが伝わるよ。,teamon,idle
カフェで秘密の暴露タイム,mcq,the audacity,_____ of him!　(彼、よくもそんなこと！),空欄に入るのは?,the audacity,My bad,Sending me,So annoying,,,the-audacity.mp3,よくもそんなことを！ / 例: The audacity of him! / 訳: 彼、よくもそんなこと！ / 由来: 「よくもまあ!」って呆れたリアクション。誰かが図々しいことをした時、「The audacity!!」って叫ぶだけで「信じられない!」の気持ちが伝わるよ。,teamon,idle
カフェで秘密の暴露タイム,listen,the audacity,the audacity,何と言っていますか?,the audacity,The odyssey,,,,,the-audacity.mp3,よくもそんなことを！ / 例: The audacity of him! / 訳: 彼、よくもそんなこと！ / 由来: 「よくもまあ!」って呆れたリアクション。誰かが図々しいことをした時、「The audacity!!」って叫ぶだけで「信じられない!」の気持ちが伝わるよ。,teamon,idle
カフェで秘密の暴露タイム,mcq_image,the audacity,the audacity,「the audacity」に合う意味は?,😤 よくもそんなことを！,😂 ツボる・大笑い,👍 OK・了解・もちろん,💯 ガチで・かなり,,,the-audacity.mp3,よくもそんなことを！ / 例: The audacity of him! / 訳: 彼、よくもそんなこと！ / 由来: 「よくもまあ!」って呆れたリアクション。誰かが図々しいことをした時、「The audacity!!」って叫ぶだけで「信じられない!」の気持ちが伝わるよ。,teamon,idle
パーティーでテンション爆上げ,mcq,fire,fire,「fire」の意味は?,超イケてる／最高,fire,最高！／盛り上がってる,lit,,,fire.mp3,超イケてる／最高 / 例: That song is fire! / 訳: あの曲マジで最高！ / 由来: 🔥「燃えてる」ってことで「めっちゃアツい!最高!」の意味。音楽・料理・ファッション、なんでも「マジで最高!」って褒めたい時に使えるよ。,firemon,idle
パーティーでテンション爆上げ,mcq,fire,That song is ____!　(あの曲マジで最高！),空欄に入るのは?,fire,jelly,snatched,kudos,,,fire.mp3,あの曲マジで最高！ / 例: That song is ____! / 訳: あの曲マジで最高！ / 由来: 🔥「燃えてる」ってことで「めっちゃアツい!最高!」の意味。音楽・料理・ファッション、なんでも「マジで最高!」って褒めたい時に使えるよ。,firemon,idle
パーティーでテンション爆上げ,listen,fire,fire,何と言っていますか?,fire,flyer,,,,,fire.mp3,超イケてる／最高 / 例: That song is fire! / 訳: あの曲マジで最高！ / 由来: 🔥「燃えてる」ってことで「めっちゃアツい!最高!」の意味。音楽・料理・ファッション、なんでも「マジで最高!」って褒めたい時に使えるよ。,firemon,idle
パーティーでテンション爆上げ,mcq_image,fire,fire,「fire」に合う意味は?,😋 超イケてる／最高,😴 くたくた／疲れきった,💬 めっちゃ驚いた／動揺した,😬 イタい／見てられない,,,fire.mp3,超イケてる／最高 / 例: That song is fire! / 訳: あの曲マジで最高！ / 由来: 🔥「燃えてる」ってことで「めっちゃアツい!最高!」の意味。音楽・料理・ファッション、なんでも「マジで最高!」って褒めたい時に使えるよ。,firemon,idle
パーティーでテンション爆上げ,mcq,lit,lit,「lit」の意味は?,最高！／盛り上がってる,超イケてる／最高,fire,lit,,,lit.mp3,最高！／盛り上がってる / 例: This party is lit! / 訳: このパーティー最高！ / 由来: 「点火された」から「盛り上がってる!」って意味に。パーティーやライブが「めっちゃ楽しい!」って時に「It's lit!!」って言うと超盛り上がる感じが伝わる。,firemon,idle
パーティーでテンション爆上げ,mcq,lit,This party is ____!　(このパーティー最高！),空欄に入るのは?,lit,ate,kudos,beat,,,lit.mp3,このパーティ最高！ / 例: This party is ____! / 訳: このパーティー最高！ / 由来: 「点火された」から「盛り上がってる!」って意味に。パーティーやライブが「めっちゃ楽しい!」って時に「It's lit!!」って言うと超盛り上がる感じが伝わる。,firemon,idle
パーティーでテンション爆上げ,listen,lit,lit,何と言っていますか?,lit,let,,,,,lit.mp3,最高！／盛り上がってる / 例: This party is lit! / 訳: このパーティー最高！ / 由来: 「点火された」から「盛り上がってる!」って意味に。パーティーやライブが「めっちゃ楽しい!」って時に「It's lit!!」って言うと超盛り上がる感じが伝わる。,firemon,idle
パーティーでテンション爆上げ,mcq_image,lit,lit,「lit」に合う意味は?,😋 最高！／盛り上がってる,😴 くたくた／疲れきった,💬 うらやましい,👻 急に連絡を絶つ,,,lit.mp3,最高！／盛り上がってる / 例: This party is lit! / 訳: このパーティー最高！ / 由来: 「点火された」から「盛り上がってる!」って意味に。パーティーやライブが「めっちゃ楽しい!」って時に「It's lit!!」って言うと超盛り上がる感じが伝わる。,firemon,idle
パーティーでテンション爆上げ,mcq,no way,no way,「no way」の意味は?,マジで！？／うそでしょ！,超イケてる／最高,fire,最高！／盛り上がってる,,,no-way.mp3,マジで！？／うそでしょ！ / 例: No way! / 訳: マジで！？うそでしょ！ / 由来: 「うそでしょ!」「マジで!?」の定番リアクション。びっくりした時、驚いた時、単純に「ありえない!」って言いたい時に。会話でよく使うよ。,firemon,idle
パーティーでテンション爆上げ,mcq,no way,____!　(マジで！？うそでしょ！),空欄に入るのは?,no way,I'm running late,I got you,it slipped my mind,,,no-way.mp3,マジで！？うそでしょ！ / 例: ____! / 訳: マジで！？うそでしょ！ / 由来: 「うそでしょ!」「マジで!?」の定番リアクション。びっくりした時、驚いた時、単純に「ありえない!」って言いたい時に。会話でよく使うよ。,firemon,idle
パーティーでテンション爆上げ,listen,no way,no way,何と言っていますか?,no way,know weigh,,,,,no-way.mp3,マジで！？／うそでしょ！ / 例: No way! / 訳: マジで！？うそでしょ！ / 由来: 「うそでしょ!」「マジで!?」の定番リアクション。びっくりした時、驚いた時、単純に「ありえない!」って言いたい時に。会話でよく使うよ。,firemon,idle
パーティーでテンション爆上げ,mcq_image,no way,no way,「no way」に合う意味は?,💯 マジで！？／うそでしょ！,💬 任せて／やるよ,💬 完璧だった／すごかった,💬 それは間違いない,,,no-way.mp3,マジで！？／うそでしょ！ / 例: No way! / 訳: マジで！？うそでしょ！ / 由来: 「うそでしょ!」「マジで!?」の定番リアクション。びっくりした時、驚いた時、単純に「ありえない!」って言いたい時に。会話でよく使うよ。,firemon,idle
パーティーでテンション爆上げ,mcq,that's sick,that's sick,「that's sick」の意味は?,すごい！／最高！,超イケてる／最高,fire,最高！／盛り上がってる,,,that-s-sick.mp3,すごい！／最高！ / 例: Check this out! That's sick! / 訳: 見て！すごい！ / 由来: 「sick=病気」なのに、逆に「めっちゃクール!」って意味。「マジで最悪」を反対に「マジで最高」って言うのは、スケボー好きな子たちが言い始めたって言われてるよ。,firemon,idle
パーティーでテンション爆上げ,mcq,that's sick,Check this out! ____!　(見て！すごい！),空欄に入るのは?,that's sick,exactly my thought,I feel you,tell me about it,,,that-s-sick.mp3,見て！すごい！ / 例: Check this out! ____! / 訳: 見て！すごい！ / 由来: 「sick=病気」なのに、逆に「めっちゃクール!」って意味。「マジで最悪」を反対に「マジで最高」って言うのは、スケボー好きな子たちが言い始めたって言われてるよ。,firemon,idle
パーティーでテンション爆上げ,listen,that's sick,that's sick,何と言っていますか?,that's sick,that's thick,,,,,that-s-sick.mp3,すごい！／最高！ / 例: Check this out! That's sick! / 訳: 見て！すごい！ / 由来: 「sick=病気」なのに、逆に「めっちゃクール!」って意味。「マジで最悪」を反対に「マジで最高」って言うのは、スケボー好きな子たちが言い始めたって言われてるよ。,firemon,idle
パーティーでテンション爆上げ,mcq_image,that's sick,that's sick,「that's sick」に合う意味は?,😋 すごい！／最高！,💬 あなたがそう言うなら,👋 またね／じゃあね,💬 ⏰ 遅れそう,,,that-s-sick.mp3,すごい！／最高！ / 例: Check this out! That's sick! / 訳: 見て！すごい！ / 由来: 「sick=病気」なのに、逆に「めっちゃクール!」って意味。「マジで最悪」を反対に「マジで最高」って言うのは、スケボー好きな子たちが言い始めたって言われてるよ。,firemon,idle
パーティーでテンション爆上げ,mcq,slay,slay,「slay」の意味は?,圧勝する・最高・イケてる,超イケてる／最高,fire,最高！／盛り上がってる,,,slay.mp3,圧勝する・最高・イケてる / 例: OMG you slayed in your outfit! / 訳: その服イケすぎ！ / 由来: 直訳は「(敵を)倒す」だけど、「圧倒的にキメる!」って意味。服がキマってる、ダンスがすごい、そんな時に「You slayed!(かっこよすぎ!)」って褒めるよ。,firemon,idle
パーティーでテンション爆上げ,mcq,slay,OMG you _____ed in your outfit!　(その服イケすぎ！),空欄に入るのは?,slay,No cap,I can't cope,Ate,,,slay.mp3,圧勝する・最高・イケてる / 例: OMG you Slayed in your outfit! / 訳: その服イケすぎ！ / 由来: 直訳は「(敵を)倒す」だけど、「圧倒的にキメる!」って意味。服がキマってる、ダンスがすごい、そんな時に「You slayed!(かっこよすぎ!)」って褒めるよ。,firemon,idle
パーティーでテンション爆上げ,listen,slay,slay,何と言っていますか?,slay,Sleigh,,,,,slay.mp3,圧勝する・最高・イケてる / 例: OMG you slayed in your outfit! / 訳: その服イケすぎ！ / 由来: 直訳は「(敵を)倒す」だけど、「圧倒的にキメる!」って意味。服がキマってる、ダンスがすごい、そんな時に「You slayed!(かっこよすぎ!)」って褒めるよ。,firemon,idle
パーティーでテンション爆上げ,mcq_image,slay,slay,「slay」に合う意味は?,😋 圧勝する・最高・イケてる,🎉 遊ぶ・つるむ,🌟 〜系・〜っぽい,🤝 親友,,,slay.mp3,圧勝する・最高・イケてる / 例: OMG you slayed in your outfit! / 訳: その服イケすぎ！ / 由来: 直訳は「(敵を)倒す」だけど、「圧倒的にキメる!」って意味。服がキマってる、ダンスがすごい、そんな時に「You slayed!(かっこよすぎ!)」って褒めるよ。,firemon,idle
推しに惚れちゃう褒め殺し,mcq,ate,ate,「ate」の意味は?,よくやった／イケてる,ate,イケてる／キマってる,snatched,,,ate.mp3,よくやった／イケてる / 例: She ate that performance. / 訳: 彼女の演技、最高だった。 / 由来: eat の過去形で「食べた」だけど、本当の意味は「完璧にやり切った!」。ステージや発表を絶賛する時に「She ate that!(あの子、キマってた!)」って感じ。,slaymon,idle
推しに惚れちゃう褒め殺し,mcq,ate,She ____ that performance.　(かっこよかったよ！),空欄に入るのは?,ate,cringe,ghost,salty,,,ate.mp3,よくやった／イケてる / 例: She ate that performance. / 訳: 彼女の演技、最高だった。 / 由来: eat の過去形で「食べた」だけど、本当の意味は「完璧にやり切った!」。ステージや発表を絶賛する時に「She ate that!(あの子、キマってた!)」って感じ。,slaymon,idle
推しに惚れちゃう褒め殺し,listen,ate,ate,何と言っていますか?,ate,Eight,,,,,ate.mp3,よくやった／イケてる / 例: You ate that! / 訳: かっこよかったよ！ / 由来: eat の過去形で「食べた」だけど、本当の意味は「完璧にやり切った!」。ステージや発表を絶賛する時に「You ate that!(キマってた!)」って感じ。,slaymon,idle
推しに惚れちゃう褒め殺し,mcq_image,ate,ate,「ate」に合う意味は?,🏆 完璧にやり遂げた・かっこよかった,💬 ごめんね・私のミス,💬 今から〜する,💬 エグい・すごく,,,ate.mp3,よくやった／イケてる / 例: You ate that! / 訳: かっこよかったよ！ / 由来: eat の過去形で「食べた」だけど、本当の意味は「完璧にやり切った!」。ステージや発表を絶賛する時に「You ate that!(キマってた!)」って感じ。,slaymon,idle
推しに惚れちゃう褒め殺し,mcq,snatched,snatched,「snatched」の意味は?,イケてる／キマってる,よくやった／イケてる,ate,snatched,,,snatched.mp3,イケてる／キマってる / 例: Her bag is snatched! / 訳: 彼女のバッグ、イケてる！ / 由来: 「引き締まってる」「キリッとしてる」って意味。眉毛やヘアスタイル、服装がめっちゃキマってる時に「Your brows are snatched!(眉毛キマってる!)」って褒めるフレーズ。,slaymon,idle
推しに惚れちゃう褒め殺し,mcq,snatched,Her bag is ____!　(彼女のバッグ、イケてる！),空欄に入るのは?,snatched,jelly,salty,bomb,,,snatched.mp3,彼女のバッグ、イケてる！ / 例: Her bag is ____! / 訳: 彼女のバッグ、イケてる！ / 由来: 「引き締まってる」「キリッとしてる」って意味。眉毛やヘアスタイル、服装がめっちゃキマってる時に「Your brows are snatched!(眉毛キマってる!)」って褒めるフレーズ。,slaymon,idle
推しに惚れちゃう褒め殺し,listen,snatched,snatched,何と言っていますか?,snatched,scratched,,,,,snatched.mp3,イケてる／キマってる / 例: Her bag is snatched! / 訳: 彼女のバッグ、イケてる！ / 由来: 「引き締まってる」「キリッとしてる」って意味。眉毛やヘアスタイル、服装がめっちゃキマってる時に「Your brows are snatched!(眉毛キマってる!)」って褒めるフレーズ。,slaymon,idle
推しに惚れちゃう褒め殺し,mcq_image,snatched,snatched,「snatched」に合う意味は?,💪 イケてる／キマってる,😋 最高！／盛り上がってる,💬 よくやったね／お見事,😴 くたくた／疲れきった,,,snatched.mp3,イケてる／キマってる / 例: Her bag is snatched! / 訳: 彼女のバッグ、イケてる！ / 由来: 「引き締まってる」「キリッとしてる」って意味。眉毛やヘアスタイル、服装がめっちゃキマってる時に「Your brows are snatched!(眉毛キマってる!)」って褒めるフレーズ。,slaymon,idle
推しに惚れちゃう褒め殺し,mcq,GZ,GZ,「GZ」の意味は?,おめでとう,よくやった／イケてる,ate,イケてる／キマってる,,,gz.mp3,おめでとう / 例: GZ on your win! / 訳: 勝利おめでとう！ / 略: GZ = Congratulations（おめでとう）を超短縮したもの / 由来: Congratulations→Grats→GZと段々短くなった形。ゲームで仲間が勝ったり、達成した時にサッと「GZ!」ってチャットで送るよ。,slaymon,idle
推しに惚れちゃう褒め殺し,mcq,kudos,kudos,「kudos」の意味は?,よくやったね／お見事,よくやった／イケてる,ate,イケてる／キマってる,,,kudos.mp3,よくやったね／お見事 / 例: Kudos on the win! / 訳: 勝利おめでとう、よくやったね！ / 由来: ちょっと大人っぽい褒め言葉で「よくやったね!」「お見事!」。友達が試験に受かった時なんかに「Kudos!」って言うと、少し格好つけた褒め方になるよ。,slaymon,idle
推しに惚れちゃう褒め殺し,mcq,kudos,____ on the win!　(勝利おめでとう、よくやったね！),空欄に入るのは?,kudos,salty,cringe,whatever,,,kudos.mp3,勝利おめでとう、よくやったね！ / 例: ____ on the win! / 訳: 勝利おめでとう、よくやったね！ / 由来: ちょっと大人っぽい褒め言葉で「よくやったね!」「お見事!」。友達が試験に受かった時なんかに「Kudos!」って言うと、少し格好つけた褒め方になるよ。,slaymon,idle
推しに惚れちゃう褒め殺し,listen,kudos,kudos,何と言っていますか?,kudos,cuckoos,,,,,kudos.mp3,よくやったね／お見事 / 例: Kudos on the win! / 訳: 勝利おめでとう、よくやったね！ / 由来: ちょっと大人っぽい褒め言葉で「よくやったね!」「お見事!」。友達が試験に受かった時なんかに「Kudos!」って言うと、少し格好つけた褒め方になるよ。,slaymon,idle
推しに惚れちゃう褒め殺し,mcq_image,kudos,kudos,「kudos」に合う意味は?,👏 よくやったね／お見事,👍 いいね！／了解,💬 うらやましい,👍 どうでもいいよ,,,kudos.mp3,よくやったね／お見事 / 例: Kudos on the win! / 訳: 勝利おめでとう、よくやったね！ / 由来: ちょっと大人っぽい褒め言葉で「よくやったね!」「お見事!」。友達が試験に受かった時なんかに「Kudos!」って言うと、少し格好つけた褒め方になるよ。,slaymon,idle
推しに惚れちゃう褒め殺し,mcq,glow up,glow up,「glow up」の意味は?,見違えるほど垢抜ける,よくやった／イケてる,ate,イケてる／キマってる,,,glow-up.mp3,見違えるほど垢抜ける / 例: She had a glow up. / 訳: 彼女、垢抜けたね。 / 由来: 「キラキラ度が上がる」= 見違えるくらい垢抜けた、成長したって意味。昔と今の写真を並べて「Glow up!」って言うと、「めっちゃ変わったね(良い意味で)」って感じ。,slaymon,idle
推しに惚れちゃう褒め殺し,mcq,glow up,She had a _____.　(彼女、垢抜けたね。),空欄に入るのは?,glow up,Deceased,Hi there,Gross,,,glow-up.mp3,見違えるほど垢抜ける / 例: She had a Glow up. / 訳: 彼女、垢抜けたね。 / 由来: 「キラキラ度が上がる」= 見違えるくらい垢抜けた、成長したって意味。昔と今の写真を並べて「Glow up!」って言うと、「めっちゃ変わったね(良い意味で)」って感じ。,slaymon,idle
推しに惚れちゃう褒め殺し,listen,glow up,glow up,何と言っていますか?,glow up,Grow up,,,,,glow-up.mp3,見違えるほど垢抜ける / 例: She had a glow up. / 訳: 彼女、垢抜けたね。 / 由来: 「キラキラ度が上がる」= 見違えるくらい垢抜けた、成長したって意味。昔と今の写真を並べて「Glow up!」って言うと、「めっちゃ変わったね(良い意味で)」って感じ。,slaymon,idle
推しに惚れちゃう褒め殺し,mcq_image,glow up,glow up,「glow up」に合う意味は?,✨ 見違えるほど垢抜ける,💬 ズルい・不公平,💬 完璧にやり遂げた・かっこよかった,💬 兄弟・男友達,,,glow-up.mp3,見違えるほど垢抜ける / 例: She had a glow up. / 訳: 彼女、垢抜けたね。 / 由来: 「キラキラ度が上がる」= 見違えるくらい垢抜けた、成長したって意味。昔と今の写真を並べて「Glow up!」って言うと、「めっちゃ変わったね(良い意味で)」って感じ。,slaymon,idle
サクッと相槌タイム,mcq,bet,bet,「bet」の意味は?,いいね！／了解,bet,確かに／絶対そう,no doubt,,,bet.mp3,いいね！／了解 / 例: Person B: BET! / 訳: いいね！行こう！ / 由来: 元は「賭ける」だけど、若者言葉では「OK!任せて!」の意味。「明日集まる?」→「Bet.(了解!)」みたいに一言で使えるから超便利。,betmon,idle
サクッと相槌タイム,mcq,bet,Person B: bet!　(了解！),空欄に入るのは?,bet,ate,bomb,lit,,,bet.mp3,いいね！行こう！ / 例: Person B: BET! / 訳: 了解！ / 由来: 元は「賭ける」だけど、若者言葉では「OK!任せて!」の意味。「明日集まる?」→「Bet.(了解!)」みたいに一言で使えるから超便利。,betmon,idle
サクッと相槌タイム,listen,bet,bet,何と言っていますか?,bet,vet,,,,,bet.mp3,"いいね！／了解 / 例: Alright, bet. / 訳: 了解！ / 由来: 元は「賭ける」だけど、若者言葉では「OK!任せて!」の意味。「明日集まる?」→「Bet.(了解!)」みたいに一言で使えるから超便利。",betmon,idle
サクッと相槌タイム,mcq_image,bet,bet,「bet」に合う意味は?,👍 いいね！／了解,💬 めっちゃ驚いた／動揺した,😴 くたくた／疲れきった,💬 拗ねてる／不機嫌,,,bet.mp3,"いいね！／了解 / 例: Alright, bet. / 訳: 了解！ / 由来: 元は「賭ける」だけど、若者言葉では「OK!任せて!」の意味。「明日集まる?」→「Bet.(了解!)」みたいに一言で使えるから超便利。",betmon,idle
サクッと相槌タイム,mcq,no doubt,no doubt,「no doubt」の意味は?,確かに／絶対そう,いいね！／了解,bet,no doubt,,,no-doubt.mp3,確かに／絶対そう / 例: No doubt. Can't believe it's over. / 訳: 確かに。もう終わるなんて信じられない。 / 由来: 直訳「疑いなし」= 「もちろん!」「間違いなくそう!」って強く同意する時に。,betmon,idle
サクッと相槌タイム,mcq,no doubt,____. Can't believe it's over.　(確かに。もう終わるなんて信じられない。),空欄に入るのは?,no doubt,that's for sure,no way,not bad,,,no-doubt.mp3,確かに。もう終わるなんて信じられない。 / 例: ____. Can't believe it's over. / 訳: 確かに。もう終わるなんて信じられない。 / 由来: 直訳「疑いなし」= 「もちろん!」「間違いなくそう!」って強く同意する時に。,betmon,idle
サクッと相槌タイム,listen,no doubt,no doubt,何と言っていますか?,no doubt,no dot,,,,,no-doubt.mp3,確かに／絶対そう / 例: No doubt. Can't believe it's over. / 訳: 確かに。もう終わるなんて信じられない。 / 由来: 直訳「疑いなし」= 「もちろん!」「間違いなくそう!」って強く同意する時に。,betmon,idle
サクッと相槌タイム,mcq_image,no doubt,no doubt,「no doubt」に合う意味は?,🙅 確かに／絶対そう,💬 完璧だった／すごかった,💬 任せて／やるよ,🤔 私もそう思ってた,,,no-doubt.mp3,確かに／絶対そう / 例: No doubt. Can't believe it's over. / 訳: 確かに。もう終わるなんて信じられない。 / 由来: 直訳「疑いなし」= 「もちろん!」「間違いなくそう!」って強く同意する時に。,betmon,idle
サクッと相槌タイム,mcq,that's for sure,that's for sure,「that's for sure」の意味は?,それは間違いない,いいね！／了解,bet,確かに／絶対そう,,,that-s-for-sure.mp3,それは間違いない / 例: He's the funniest. — That's for sure. / 訳: 彼が一番面白い。ーそれは間違いない。 / 由来: 「それはたしかにそう!」って強く同意する時のフレーズ。相手の意見に完全に賛成する時に使うよ。,betmon,idle
サクッと相槌タイム,mcq,that's for sure,He's the funniest. — ____.　(彼が一番面白い。ーそれは間違いない。),空欄に入るのは?,that's for sure,no worries,low-key freaking out,that's valid,,,that-s-for-sure.mp3,彼が一番面白い。ーそれは間違いない。 / 例: He's the funniest. — ____. / 訳: 彼が一番面白い。ーそれは間違いない。 / 由来: 「それはたしかにそう!」って強く同意する時のフレーズ。相手の意見に完全に賛成する時に使うよ。,betmon,idle
サクッと相槌タイム,listen,that's for sure,that's for sure,何と言っていますか?,that's for sure,that's four sure,,,,,that-s-for-sure.mp3,それは間違いない / 例: He's the funniest. — That's for sure. / 訳: 彼が一番面白い。ーそれは間違いない。 / 由来: 「それはたしかにそう!」って強く同意する時のフレーズ。相手の意見に完全に賛成する時に使うよ。,betmon,idle
サクッと相槌タイム,mcq_image,that's for sure,that's for sure,「that's for sure」に合う意味は?,💯 それは間違いない,💬 忘れちゃった,🙌 超わかる／それな,🙆 大丈夫／気にしないで,,,that-s-for-sure.mp3,それは間違いない / 例: He's the funniest. — That's for sure. / 訳: 彼が一番面白い。ーそれは間違いない。 / 由来: 「それはたしかにそう!」って強く同意する時のフレーズ。相手の意見に完全に賛成する時に使うよ。,betmon,idle
サクッと相槌タイム,mcq,not bad,not bad,「not bad」の意味は?,悪くないね／いい感じ,いいね！／了解,bet,確かに／絶対そう,,,not-bad.mp3,悪くないね／いい感じ / 例: How is it? — Not bad. / 訳: どう？ー悪くないね。 / 由来: 「悪くないね」って言いつつ、実は「かなりいい!」って思ってる時の遠回しな褒め方。イギリス人がよく使う、ちょっとクールな褒め言葉なんだ。,betmon,idle
サクッと相槌タイム,mcq,not bad,How is it? — ____.　(どう？ー悪くないね。),空欄に入るのは?,not bad,tell me about it,exactly my thought,hits different,,,not-bad.mp3,どう？ー悪くないね。 / 例: How is it? — ____. / 訳: どう？ー悪くないね。 / 由来: 「悪くないね」って言いつつ、実は「かなりいい!」って思ってる時の遠回しな褒め方。イギリス人がよく使う、ちょっとクールな褒め言葉なんだ。,betmon,idle
サクッと相槌タイム,listen,not bad,not bad,何と言っていますか?,not bad,nut bad,,,,,not-bad.mp3,悪くないね／いい感じ / 例: How is it? — Not bad. / 訳: どう？ー悪くないね。 / 由来: 「悪くないね」って言いつつ、実は「かなりいい!」って思ってる時の遠回しな褒め方。イギリス人がよく使う、ちょっとクールな褒め言葉なんだ。,betmon,idle
サクッと相槌タイム,mcq_image,not bad,not bad,「not bad」に合う意味は?,👍 悪くないね／いい感じ,💬 とりあえずね,👋 またね／じゃあね,🙌 わかるよ／同感,,,not-bad.mp3,悪くないね／いい感じ / 例: How is it? — Not bad. / 訳: どう？ー悪くないね。 / 由来: 「悪くないね」って言いつつ、実は「かなりいい!」って思ってる時の遠回しな褒め方。イギリス人がよく使う、ちょっとクールな褒め言葉なんだ。,betmon,idle
サクッと相槌タイム,mcq,true,true,「true」の意味は?,確かに・その通り,いいね！／了解,bet,確かに／絶対そう,,,true.mp3,確かに・その通り / 例: That's true. / 訳: 確かにね。 / 由来: 「その通り」「たしかに」って一言で同意する相槌。友達の話に「True.」って返せば「うん、わかる」の感じでスマート。,betmon,idle
サクッと相槌タイム,mcq,true,That's _____.　(確かにね。),空欄に入るのは?,true,I dig it,Bet,For real?,,,true.mp3,確かに・その通り / 例: That's True. / 訳: 確かにね。 / 由来: 「その通り」「たしかに」って一言で同意する相槌。友達の話に「True.」って返せば「うん、わかる」の感じでスマート。,betmon,idle
サクッと相槌タイム,listen,true,true,何と言っていますか?,true,true blue,,,,,true.mp3,確かに・その通り / 例: That's true. / 訳: 確かにね。 / 由来: 「その通り」「たしかに」って一言で同意する相槌。友達の話に「True.」って返せば「うん、わかる」の感じでスマート。,betmon,idle
サクッと相槌タイム,mcq_image,true,true,「true」に合う意味は?,💯 確かに・その通り,💬 兄弟・男友達,👋 またあとで話そう,💬 よくもそんなことを！,,,true.mp3,確かに・その通り / 例: That's true. / 訳: 確かにね。 / 由来: 「その通り」「たしかに」って一言で同意する相槌。友達の話に「True.」って返せば「うん、わかる」の感じでスマート。,betmon,idle
友達の話に全力共感,mcq,I feel you,I feel you,「I feel you」の意味は?,わかるよ／同感,I feel you,超わかる／それな,big mood,,,i-feel-you.mp3,わかるよ／同感 / 例: I feel you. That was unlucky. / 訳: わかるよ。あれは不運だったね。 / 由来: 直訳「あなたを感じる」= 「あなたの気持ち、わかるよ」の意味。友達の悩みやグチに温かく共感したい時にピッタリ。,feelmon,idle
友達の話に全力共感,mcq,I feel you,____. That was unlucky.　(わかるよ。あれは不運だったね。),空欄に入るのは?,I feel you,for now,big mood,that's valid,,,i-feel-you.mp3,わかるよ。あれは不運だったね。 / 例: ____. That was unlucky. / 訳: わかるよ。あれは不運だったね。 / 由来: 直訳「あなたを感じる」= 「あなたの気持ち、わかるよ」の意味。友達の悩みやグチに温かく共感したい時にピッタリ。,feelmon,idle
友達の話に全力共感,listen,I feel you,I feel you,何と言っていますか?,I feel you,I peel you,,,,,i-feel-you.mp3,わかるよ／同感 / 例: I feel you. That was unlucky. / 訳: わかるよ。あれは不運だったね。 / 由来: 直訳「あなたを感じる」= 「あなたの気持ち、わかるよ」の意味。友達の悩みやグチに温かく共感したい時にピッタリ。,feelmon,idle
友達の話に全力共感,mcq_image,I feel you,I feel you,「I feel you」に合う意味は?,🙌 わかるよ／同感,💬 それは間違いない,💬 あなたがそう言うなら,💬 任せて／やるよ,,,i-feel-you.mp3,わかるよ／同感 / 例: I feel you. That was unlucky. / 訳: わかるよ。あれは不運だったね。 / 由来: 直訳「あなたを感じる」= 「あなたの気持ち、わかるよ」の意味。友達の悩みやグチに温かく共感したい時にピッタリ。,feelmon,idle
友達の話に全力共感,mcq,big mood,big mood,「big mood」の意味は?,超わかる／それな,わかるよ／同感,I feel you,big mood,,,big-mood.mp3,超わかる／それな / 例: That's such a big mood! / 訳: その気持ちマジでわかるー / 由来: 「大きな気分」= 「めっちゃそれ!」「同じ気分!」って共感する時に。SNSでみんなが同じ気持ちのポストに「Big mood.」ってコメントするのが定番。,feelmon,idle
友達の話に全力共感,mcq,big mood,That's such a ____!　(その気持ちマジでわかるー),空欄に入るのは?,big mood,I'm running behind,that's for sure,low-key freaking out,,,big-mood.mp3,その気持ちマジでわかるー / 例: That's such a ____! / 訳: その気持ちマジでわかるー / 由来: 「大きな気分」= 「めっちゃそれ!」「同じ気分!」って共感する時に。SNSでみんなが同じ気持ちのポストに「Big mood.」ってコメントするのが定番。,feelmon,idle
友達の話に全力共感,listen,big mood,big mood,何と言っていますか?,big mood,big mud,,,,,big-mood.mp3,超わかる／それな / 例: That's such a big mood! / 訳: その気持ちマジでわかるー / 由来: 「大きな気分」= 「めっちゃそれ!」「同じ気分!」って共感する時に。SNSでみんなが同じ気持ちのポストに「Big mood.」ってコメントするのが定番。,feelmon,idle
友達の話に全力共感,mcq_image,big mood,big mood,「big mood」に合う意味は?,🙌 超わかる／それな,🤔 私もそう思ってた,👋 またね／じゃあね,💬 それは間違いない,,,big-mood.mp3,超わかる／それな / 例: That's such a big mood! / 訳: その気持ちマジでわかるー / 由来: 「大きな気分」= 「めっちゃそれ!」「同じ気分!」って共感する時に。SNSでみんなが同じ気持ちのポストに「Big mood.」ってコメントするのが定番。,feelmon,idle
友達の話に全力共感,mcq,tell me about it,tell me about it,「tell me about it」の意味は?,ほんとそれ／同感だよ,わかるよ／同感,I feel you,超わかる／それな,,,tell-me-about-it.mp3,ほんとそれ／同感だよ / 例: Tell me about it. Same here. / 訳: ほんとそれ。俺もだよ。 / 由来: 直訳と逆で「わかる〜、ほんとそれ〜」って強く共感する言い方。「教えて」じゃなくて「わかってるって!」の意味だから、はじめて聞くとビックリするかも。,feelmon,idle
友達の話に全力共感,mcq,tell me about it,____. Same here.　(ほんとそれ。俺もだよ。),空欄に入るのは?,tell me about it,catch you later,big mood,let's roll,,,tell-me-about-it.mp3,ほんとそれ。俺もだよ。 / 例: ____. Same here. / 訳: ほんとそれ。俺もだよ。 / 由来: 直訳と逆で「わかる〜、ほんとそれ〜」って強く共感する言い方。「教えて」じゃなくて「わかってるって!」の意味だから、はじめて聞くとビックリするかも。,feelmon,idle
友達の話に全力共感,listen,tell me about it,tell me about it,何と言っていますか?,tell me about it,tell me a bit,,,,,tell-me-about-it.mp3,ほんとそれ／同感だよ / 例: Tell me about it. Same here. / 訳: ほんとそれ。俺もだよ。 / 由来: 直訳と逆で「わかる〜、ほんとそれ〜」って強く共感する言い方。「教えて」じゃなくて「わかってるって!」の意味だから、はじめて聞くとビックリするかも。,feelmon,idle
友達の話に全力共感,mcq_image,tell me about it,tell me about it,「tell me about it」に合う意味は?,🙌 ほんとそれ／同感だよ,💬 そりゃそうだね／一理ある,💯 マジで！？／うそでしょ！,💯 マジで／嘘じゃない,,,tell-me-about-it.mp3,ほんとそれ／同感だよ / 例: Tell me about it. Same here. / 訳: ほんとそれ。俺もだよ。 / 由来: 直訳と逆で「わかる〜、ほんとそれ〜」って強く共感する言い方。「教えて」じゃなくて「わかってるって!」の意味だから、はじめて聞くとビックリするかも。,feelmon,idle
友達の話に全力共感,mcq,exactly my thought,exactly my thought,「exactly my thought」の意味は?,私もそう思ってた,わかるよ／同感,I feel you,超わかる／それな,,,exactly-my-thought.mp3,私もそう思ってた / 例: Exactly my thought! / 訳: 私も今そう思ってた！ / 由来: 「まさに私が思ってた!」って完全同意の意味。「実は私もそう思ってた!」って盛り上がりたい時のフレーズ。,feelmon,idle
友達の話に全力共感,mcq,exactly my thought,____!　(私も今そう思ってた！),空欄に入るのは?,exactly my thought,tell me about it,ate and left no crumbs,I feel you,,,exactly-my-thought.mp3,私も今そう思ってた！ / 例: ____! / 訳: 私も今そう思ってた！ / 由来: 「まさに私が思ってた!」って完全同意の意味。「実は私もそう思ってた!」って盛り上がりたい時のフレーズ。,feelmon,idle
友達の話に全力共感,listen,exactly my thought,exactly my thought,何と言っていますか?,exactly my thought,exactly my throat,,,,,exactly-my-thought.mp3,私もそう思ってた / 例: Exactly my thought! / 訳: 私も今そう思ってた！ / 由来: 「まさに私が思ってた!」って完全同意の意味。「実は私もそう思ってた!」って盛り上がりたい時のフレーズ。,feelmon,idle
友達の話に全力共感,mcq_image,exactly my thought,exactly my thought,「exactly my thought」に合う意味は?,🤔 私もそう思ってた,💬 そりゃそうだね／一理ある,💬 悪くないよ／なかなか,🙌 ほんとそれ／同感だよ,,,exactly-my-thought.mp3,私もそう思ってた / 例: Exactly my thought! / 訳: 私も今そう思ってた！ / 由来: 「まさに私が思ってた!」って完全同意の意味。「実は私もそう思ってた!」って盛り上がりたい時のフレーズ。,feelmon,idle
地味にイラッとした本音,mcq,salty,salty,「salty」の意味は?,拗ねてる／不機嫌,salty,うらやましい,jelly,,,salty.mp3,拗ねてる／不機嫌 / 例: He's salty because he lost. / 訳: 彼、負けたから機嫌悪いんだよ。 / 由来: 「塩っぽい」= 拗ねてる、機嫌が悪い、悔しがってるって意味。ゲームやスポーツで負けて「くそ〜!」って怒ってる人に「Don't be salty!」って使うよ。,saltmon,idle
地味にイラッとした本音,mcq,salty,He's ____ because he lost.　(彼、負けたから機嫌悪いんだよ。),空欄に入るのは?,salty,shook,whatever,snatched,,,salty.mp3,彼、負けたから機嫌悪いんだよ。 / 例: He's ____ because he lost. / 訳: 彼、負けたから機嫌悪いんだよ。 / 由来: 「塩っぽい」= 拗ねてる、機嫌が悪い、悔しがってるって意味。ゲームやスポーツで負けて「くそ〜!」って怒ってる人に「Don't be salty!」って使うよ。,saltmon,idle
地味にイラッとした本音,listen,salty,salty,何と言っていますか?,salty,sultry,,,,,salty.mp3,拗ねてる／不機嫌 / 例: He's salty because he lost. / 訳: 彼、負けたから機嫌悪いんだよ。 / 由来: 「塩っぽい」= 拗ねてる、機嫌が悪い、悔しがってるって意味。ゲームやスポーツで負けて「くそ〜!」って怒ってる人に「Don't be salty!」って使うよ。,saltmon,idle
地味にイラッとした本音,mcq_image,salty,salty,「salty」に合う意味は?,😒 拗ねてる／不機嫌,😋 最高！／盛り上がってる,💬 めっちゃ驚いた／動揺した,😰 イライラ／焦ってる,,,salty.mp3,拗ねてる／不機嫌 / 例: He's salty because he lost. / 訳: 彼、負けたから機嫌悪いんだよ。 / 由来: 「塩っぽい」= 拗ねてる、機嫌が悪い、悔しがってるって意味。ゲームやスポーツで負けて「くそ〜!」って怒ってる人に「Don't be salty!」って使うよ。,saltmon,idle
地味にイラッとした本音,mcq,jelly,jelly,「jelly」の意味は?,うらやましい,拗ねてる／不機嫌,salty,jelly,,,jelly.mp3,うらやましい / 例: You're so lucky. I'm jelly! / 訳: ラッキーだね。うらやましい！ / 略: Jealous（嫉妬してる）を可愛く縮めたもの / 由来: 「いいな〜、うらやましい〜」って可愛らしく嫉妬する言い方。本気の嫉妬じゃなくて、冗談っぽい軽いニュアンスだよ。,saltmon,idle
地味にイラッとした本音,mcq,jelly,You're so lucky. I'm ____!　(ラッキーだね。うらやましい！),空欄に入るのは?,jelly,ate,bet,lit,,,jelly.mp3,ラッキーだね。うらやましい！ / 例: You're so lucky. I'm ____! / 訳: ラッキーだね。うらやましい！ / 略: Jealous（嫉妬してる）を可愛く縮めたもの / 由来: 「いいな〜、うらやましい〜」って可愛らしく嫉妬する言い方。本気の嫉妬じゃなくて、冗談っぽい軽いニュアンスだよ。,saltmon,idle
地味にイラッとした本音,listen,jelly,jelly,何と言っていますか?,jelly,jolly,,,,,jelly.mp3,うらやましい / 例: You're so lucky. I'm jelly! / 訳: ラッキーだね。うらやましい！ / 略: Jealous（嫉妬してる）を可愛く縮めたもの / 由来: 「いいな〜、うらやましい〜」って可愛らしく嫉妬する言い方。本気の嫉妬じゃなくて、冗談っぽい軽いニュアンスだよ。,saltmon,idle
地味にイラッとした本音,mcq_image,jelly,jelly,「jelly」に合う意味は?,😍 うらやましい,😬 イタい／見てられない,😋 超イケてる／最高,😴 くたくた／疲れきった,,,jelly.mp3,うらやましい / 例: You're so lucky. I'm jelly! / 訳: ラッキーだね。うらやましい！ / 略: Jealous（嫉妬してる）を可愛く縮めたもの / 由来: 「いいな〜、うらやましい〜」って可愛らしく嫉妬する言い方。本気の嫉妬じゃなくて、冗談っぽい軽いニュアンスだよ。,saltmon,idle
地味にイラッとした本音,mcq,pressed,pressed,「pressed」の意味は?,イライラ／焦ってる,拗ねてる／不機嫌,salty,うらやましい,,,pressed.mp3,イライラ／焦ってる / 例: Why are you so pressed? / 訳: なんでそんな焦ってんの？ / 由来: 「押さえつけられた」= イライラ、ピリピリ、焦ってるって意味。「なんでそんなカリカリしてるの?」って言いたい時「Why you so pressed?」って使うよ。,saltmon,idle
地味にイラッとした本音,mcq,pressed,Why are you so ____?　(なんでそんな焦ってんの？),空欄に入るのは?,pressed,jelly,beat,salty,,,pressed.mp3,なんでそんな焦ってんの？ / 例: Why are you so ____? / 訳: なんでそんな焦ってんの？ / 由来: 「押さえつけられた」= イライラ、ピリピリ、焦ってるって意味。「なんでそんなカリカリしてるの?」って言いたい時「Why you so pressed?」って使うよ。,saltmon,idle
地味にイラッとした本音,listen,pressed,pressed,何と言っていますか?,pressed,blessed,,,,,pressed.mp3,イライラ／焦ってる / 例: Why are you so pressed? / 訳: なんでそんな焦ってんの？ / 由来: 「押さえつけられた」= イライラ、ピリピリ、焦ってるって意味。「なんでそんなカリカリしてるの?」って言いたい時「Why you so pressed?」って使うよ。,saltmon,idle
地味にイラッとした本音,mcq_image,pressed,pressed,「pressed」に合う意味は?,😰 イライラ／焦ってる,😬 イタい／見てられない,👍 いいね！／了解,💬 うらやましい,,,pressed.mp3,イライラ／焦ってる / 例: Why are you so pressed? / 訳: なんでそんな焦ってんの？ / 由来: 「押さえつけられた」= イライラ、ピリピリ、焦ってるって意味。「なんでそんなカリカリしてるの?」って言いたい時「Why you so pressed?」って使うよ。,saltmon,idle
地味にイラッとした本音,mcq,so annoying,so annoying,「so annoying」の意味は?,むかつく・うざい,拗ねてる／不機嫌,salty,うらやましい,,,so-annoying.mp3,むかつく・うざい / 例: That's so annoying. / 訳: それむかつく。 / 由来: 「めっちゃウザい!」って定番のイライラ表現。人にも状況にも使えて超便利。,saltmon,idle
地味にイラッとした本音,mcq,so annoying,That's _____.　(それむかつく。),空欄に入るのは?,so annoying,Not fair,That's the tea,Dope,,,so-annoying.mp3,むかつく・うざい / 例: That's So annoying. / 訳: それむかつく。 / 由来: 「めっちゃウザい!」って定番のイライラ表現。人にも状況にも使えて超便利。,saltmon,idle
地味にイラッとした本音,listen,so annoying,so annoying,何と言っていますか?,so annoying,So annoyed,,,,,so-annoying.mp3,むかつく・うざい / 例: That's so annoying. / 訳: それむかつく。 / 由来: 「めっちゃウザい!」って定番のイライラ表現。人にも状況にも使えて超便利。,saltmon,idle
地味にイラッとした本音,mcq_image,so annoying,so annoying,「so annoying」に合う意味は?,😤 むかつく・うざい,💬 決定的瞬間を捉えられた,💖 それ好き・いいね,💬 I'm deadの強化版）,,,so-annoying.mp3,むかつく・うざい / 例: That's so annoying. / 訳: それむかつく。 / 由来: 「めっちゃウザい!」って定番のイライラ表現。人にも状況にも使えて超便利。,saltmon,idle
遅刻ピンチの言い訳集,mcq,I'm running late,I'm running late,「I'm running late」の意味は?,遅れそう,I'm running late,遅れちゃった／遅れそう,I'm running behind,,,i-m-running-late.mp3,遅れそう / 例: I'm running late. Be there soon. / 訳: ちょっと遅れそう。すぐ行くよ。 / 由来: 「予定に走って追いつこうとしてる=遅れそう」の意味。ビジネスでもプライベートでも使える万能フレーズ。,latemon,idle
遅刻ピンチの言い訳集,mcq,I'm running late,____. Be there soon.　(ちょっと遅れそう。すぐ行くよ。),空欄に入るのは?,I'm running late,I got you,low-key freaking out,hits different,,,i-m-running-late.mp3,ちょっと遅れそう。すぐ行くよ。 / 例: ____. Be there soon. / 訳: ちょっと遅れそう。すぐ行くよ。 / 由来: 「予定に走って追いつこうとしてる=遅れそう」の意味。ビジネスでもプライベートでも使える万能フレーズ。,latemon,idle
遅刻ピンチの言い訳集,listen,I'm running late,I'm running late,何と言っていますか?,I'm running late,I'm running lake,,,,,i-m-running-late.mp3,遅れそう / 例: I'm running late. Be there soon. / 訳: ちょっと遅れそう。すぐ行くよ。 / 由来: 「予定に走って追いつこうとしてる=遅れそう」の意味。ビジネスでもプライベートでも使える万能フレーズ。,latemon,idle
遅刻ピンチの言い訳集,mcq_image,I'm running late,I'm running late,「I'm running late」に合う意味は?,⏰ ⏰ ⏰ 遅れそう,💬 完璧だった／すごかった,💬 あなたがそう言うなら,💬 そりゃそうだね／一理ある,,,i-m-running-late.mp3,遅れそう / 例: I'm running late. Be there soon. / 訳: ちょっと遅れそう。すぐ行くよ。 / 由来: 「予定に走って追いつこうとしてる=遅れそう」の意味。ビジネスでもプライベートでも使える万能フレーズ。,latemon,idle
遅刻ピンチの言い訳集,mcq,I'm running behind,I'm running behind,「I'm running behind」の意味は?,遅れちゃった／遅れそう,遅れそう,I'm running late,I'm running behind,,,i-m-running-behind.mp3,"遅れちゃった／遅れそう / 例: Sorry, I'm running behind. / 訳: ごめん、遅れちゃった。 / 由来: 「予定より後ろを走ってる=スケジュールが押してる」。「running late」より少し丁寧で、仕事や医者の予約で「少しお待ちください」って伝える時にも使うよ。",latemon,idle
遅刻ピンチの言い訳集,mcq,I'm running behind,"Sorry, ____.　(ごめん、遅れちゃった。)",空欄に入るのは?,I'm running behind,I'm dead,that's for sure,that's valid,,,i-m-running-behind.mp3,"ごめん、遅れちゃった。 / 例: Sorry, ____. / 訳: ごめん、遅れちゃった。 / 由来: 「予定より後ろを走ってる=スケジュールが押してる」。「running late」より少し丁寧で、仕事や医者の予約で「少しお待ちください」って伝える時にも使うよ。",latemon,idle
遅刻ピンチの言い訳集,listen,I'm running behind,I'm running behind,何と言っていますか?,I'm running behind,I'm running be kind,,,,,i-m-running-behind.mp3,"遅れちゃった／遅れそう / 例: Sorry, I'm running behind. / 訳: ごめん、遅れちゃった。 / 由来: 「予定より後ろを走ってる=スケジュールが押してる」。「running late」より少し丁寧で、仕事や医者の予約で「少しお待ちください」って伝える時にも使うよ。",latemon,idle
遅刻ピンチの言い訳集,mcq_image,I'm running behind,I'm running behind,「I'm running behind」に合う意味は?,🐢 ⏰ 遅れちゃった／遅れそう,😳 やばすぎ／常識外れ,💬 悪くないよ／なかなか,😂 面白すぎ／爆笑,,,i-m-running-behind.mp3,"遅れちゃった／遅れそう / 例: Sorry, I'm running behind. / 訳: ごめん、遅れちゃった。 / 由来: 「予定より後ろを走ってる=スケジュールが押してる」。「running late」より少し丁寧で、仕事や医者の予約で「少しお待ちください」って伝える時にも使うよ。",latemon,idle
遅刻ピンチの言い訳集,mcq,my bad,my bad,「my bad」の意味は?,ごめんね・私のミス,遅れそう,I'm running late,遅れちゃった／遅れそう,,,my-bad.mp3,"ごめんね・私のミス / 例: My bad, I forgot. / 訳: ごめん、忘れてた。 / 由来: 「私の悪(=私のミス)」って軽く謝る言い方。ゲームやスポーツでちょっとしたミスをした時に、深刻にならずに「MB!(ごめん!)」って謝る感じ。",latemon,idle
遅刻ピンチの言い訳集,mcq,my bad,"_____, I forgot.　(ごめん、忘れてた。)",空欄に入るのは?,my bad,Squad,Highkey,I dig it,,,my-bad.mp3,"ごめんね・私のミス / 例: My bad, I forgot. / 訳: ごめん、忘れてた。 / 由来: 「私の悪(=私のミス)」って軽く謝る言い方。ゲームやスポーツでちょっとしたミスをした時に、深刻にならずに「MB!(ごめん!)」って謝る感じ。",latemon,idle
遅刻ピンチの言い訳集,listen,my bad,my bad,何と言っていますか?,my bad,My bat,,,,,my-bad.mp3,"ごめんね・私のミス / 例: My bad, I forgot. / 訳: ごめん、忘れてた。 / 由来: 「私の悪(=私のミス)」って軽く謝る言い方。ゲームやスポーツでちょっとしたミスをした時に、深刻にならずに「MB!(ごめん!)」って謝る感じ。",latemon,idle
遅刻ピンチの言い訳集,mcq_image,my bad,my bad,「my bad」に合う意味は?,🙇 ごめんね・私のミス,💬 笑わせてくれる,👍 OK・了解・もちろん,💖 それ好き・いいね,,,my-bad.mp3,"ごめんね・私のミス / 例: My bad, I forgot. / 訳: ごめん、忘れてた。 / 由来: 「私の悪(=私のミス)」って軽く謝る言い方。ゲームやスポーツでちょっとしたミスをした時に、深刻にならずに「MB!(ごめん!)」って謝る感じ。",latemon,idle
遅刻ピンチの言い訳集,mcq,it slipped my mind,it slipped my mind,「it slipped my mind」の意味は?,忘れちゃった,遅れそう,I'm running late,遅れちゃった／遅れそう,,,it-slipped-my-mind.mp3,"忘れちゃった / 例: Sorry, it slipped my mind. / 訳: ごめん、忘れちゃった。 / 由来: 「頭からすべり落ちた」= 「うっかり忘れてた」って意味。「forgot」より少し丁寧な言い方で、仕事の謝罪でも使える便利な表現。",latemon,idle
遅刻ピンチの言い訳集,mcq,it slipped my mind,"Sorry, ____.　(ごめん、忘れちゃった。)",空欄に入るのは?,it slipped my mind,I'm running behind,low-key freaking out,not too shabby,,,it-slipped-my-mind.mp3,"ごめん、忘れちゃった。 / 例: Sorry, ____. / 訳: ごめん、忘れちゃった。 / 由来: 「頭からすべり落ちた」= 「うっかり忘れてた」って意味。「forgot」より少し丁寧な言い方で、仕事の謝罪でも使える便利な表現。",latemon,idle
遅刻ピンチの言い訳集,listen,it slipped my mind,it slipped my mind,何と言っていますか?,it slipped my mind,it slept my mind,,,,,it-slipped-my-mind.mp3,"忘れちゃった / 例: Sorry, it slipped my mind. / 訳: ごめん、忘れちゃった。 / 由来: 「頭からすべり落ちた」= 「うっかり忘れてた」って意味。「forgot」より少し丁寧な言い方で、仕事の謝罪でも使える便利な表現。",latemon,idle
遅刻ピンチの言い訳集,mcq_image,it slipped my mind,it slipped my mind,「it slipped my mind」に合う意味は?,💭 忘れちゃった,💬 ⏰ 遅れそう,😰 ちょっとパニックになってる,🗣️ 噂話して／ぶっちゃけて,,,it-slipped-my-mind.mp3,"忘れちゃった / 例: Sorry, it slipped my mind. / 訳: ごめん、忘れちゃった。 / 由来: 「頭からすべり落ちた」= 「うっかり忘れてた」って意味。「forgot」より少し丁寧な言い方で、仕事の謝罪でも使える便利な表現。",latemon,idle
遅刻ピンチの言い訳集,mcq,hang,hang,「hang」の意味は?,遊ぶ・つるむ,遅れそう,I'm running late,遅れちゃった／遅れそう,,,hang.mp3,遊ぶ・つるむ / 例: Let's hang this weekend! / 訳: 週末に遊ぼう！ / 略: hang out（つるむ）を短くしたもの / 由来: 「hang out(一緒に過ごす、遊ぶ)」を短くした言い方。「Let's hang!」で「一緒に遊ぼうよ!」って軽く誘う感じで使うよ。,latemon,idle
遅刻ピンチの言い訳集,mcq,hang,Let's _____ this weekend!　(週末に遊ぼう！),空欄に入るのは?,hang,Bestie,Not fair,Literally,,,hang.mp3,遊ぶ・つるむ / 例: Let's Hang this weekend! / 訳: 週末に遊ぼう！ / 略: hang out（つるむ）を短くしたもの / 由来: 「hang out(一緒に過ごす、遊ぶ)」を短くした言い方。「Let's hang!」で「一緒に遊ぼうよ!」って軽く誘う感じで使うよ。,latemon,idle
遅刻ピンチの言い訳集,listen,hang,hang,何と言っていますか?,hang,Hung,,,,,hang.mp3,遊ぶ・つるむ / 例: Let's hang this weekend! / 訳: 週末に遊ぼう！ / 略: hang out（つるむ）を短くしたもの / 由来: 「hang out(一緒に過ごす、遊ぶ)」を短くした言い方。「Let's hang!」で「一緒に遊ぼうよ!」って軽く誘う感じで使うよ。,latemon,idle
遅刻ピンチの言い訳集,mcq_image,hang,hang,「hang」に合う意味は?,🎉 遊ぶ・つるむ,💬 決定的瞬間を捉えられた,😬 きもい・気持ち悪い,😂 ツボる・大笑い,,,hang.mp3,遊ぶ・つるむ / 例: Let's hang this weekend! / 訳: 週末に遊ぼう！ / 略: hang out（つるむ）を短くしたもの / 由来: 「hang out(一緒に過ごす、遊ぶ)」を短くした言い方。「Let's hang!」で「一緒に遊ぼうよ!」って軽く誘う感じで使うよ。,latemon,idle
遅刻ピンチの言い訳集,mcq,catch you later,catch you later,「catch you later」の意味は?,またね／じゃあね,遅れそう,I'm running late,遅れちゃった／遅れそう,,,catch-you-later.mp3,またね／じゃあね / 例: See you! — Catch you later! / 訳: またね！ーじゃあね！ / 由来: 「あとで捕まえるね」= 「またあとで会おうね!」の親しみを込めた別れの挨拶。サーフィンで有名なカリフォルニアで生まれたって言われてる、明るい別れの言葉だよ。,latemon,idle
遅刻ピンチの言い訳集,mcq,catch you later,See you! — ____!　(またね！ーじゃあね！),空欄に入るのは?,catch you later,if you say so,no doubt,exactly my thought,,,catch-you-later.mp3,またね！ーじゃあね！ / 例: See you! — ____! / 訳: またね！ーじゃあね！ / 由来: 「あとで捕まえるね」= 「またあとで会おうね!」の親しみを込めた別れの挨拶。サーフィンで有名なカリフォルニアで生まれたって言われてる、明るい別れの言葉だよ。,latemon,idle
遅刻ピンチの言い訳集,listen,catch you later,catch you later,何と言っていますか?,catch you later,catch you letter,,,,,catch-you-later.mp3,またね／じゃあね / 例: See you! — Catch you later! / 訳: またね！ーじゃあね！ / 由来: 「あとで捕まえるね」= 「またあとで会おうね!」の親しみを込めた別れの挨拶。サーフィンで有名なカリフォルニアで生まれたって言われてる、明るい別れの言葉だよ。,latemon,idle
遅刻ピンチの言い訳集,mcq_image,catch you later,catch you later,「catch you later」に合う意味は?,👋 またね／じゃあね,🗣️ 噂話して／ぶっちゃけて,💬 あなたがそう言うなら,💯 マジで／嘘じゃない,,,catch-you-later.mp3,またね／じゃあね / 例: See you! — Catch you later! / 訳: またね！ーじゃあね！ / 由来: 「あとで捕まえるね」= 「またあとで会おうね!」の親しみを込めた別れの挨拶。サーフィンで有名なカリフォルニアで生まれたって言われてる、明るい別れの言葉だよ。,latemon,idle
腹筋崩壊！笑いのリアクション,translate,I'm dead,面白すぎた！,並び替えて英文を作ろう,I was dead,,,,,video|hilarious|I|was|dead|took,i-m-dead.mp3,面白すぎ／爆笑 / 例: I was dead! / 訳: 面白すぎた！ / 由来: 直訳は「死んでる」。でも本当の意味は「面白すぎて笑い死んだ!」。日本の「死ぬwww」と全く同じイメージだよ。,bakumon,idle
腹筋崩壊！笑いのリアクション,translate,took me out,その動画でツボった！,並び替えて英文を作ろう,That video took me out,,,,,me|took|out|video|was|hilarious|That|dead,took-me-out.mp3,ツボった／爆笑した / 例: That video took me out! / 訳: その動画でツボった！ / 由来: 直訳「私をノックアウトした」。面白すぎて倒されちゃった=爆笑した!って意味。TikTokで面白い動画にコメントする時の定番。,bakumon,idle
カフェで秘密の暴露タイム,translate,spill the tea,ねぇ！話してよ！,並び替えて英文を作ろう,Spill the tea,,,,,tea|the|Spill|me|she|pocket,spill-the-tea.mp3,噂話して／ぶっちゃけて / 例: Spill the tea! / 訳: ねぇ！話してよ！ / 由来: 昔からお茶を飲みながらオシャベリするから「tea(お茶)= ウワサ話」の意味に。「お茶(=秘密)をこぼす」で「ウワサ話をぶちまける」ってこと。「Spill the tea!」で「ねぇねぇ、話して話して!」の意味。,teamon,idle
カフェで秘密の暴露タイム,translate,ghost,デートのあと彼女が音信不通になった。,並び替えて英文を作ろう,She ghosted me after our date,,,,,date|She|after|our|ghosted|out|audacity|that|me,ghost.mp3,急に連絡を絶つ / 例: She ghosted me after our date. / 訳: デートのあと彼女が音信不通になった。 / 由来: 「幽霊(ghost)みたいにスーッと消える」からきてる言葉。デート相手が返事もしないで急に音信不通になっちゃう時に「ghosted された」って使うよ。,teamon,idle
カフェで秘密の暴露タイム,translate,cringe,あのTikTok、まじで痛かった。,並び替えて英文を作ろう,That TikTok was so cringe,,,,,so|TikTok|That|the|cringe|was|of|audacity,cringe.mp3,イタい／見てられない / 例: That TikTok was so cringe. / 訳: あのTikTok、まじで痛かった。 / 由来: 見てるこっちが「うわ〜」って身をすくめちゃうくらい痛々しい、恥ずかしい、って意味。イタい動画やSNS投稿を見た時の反応にピッタリ。,teamon,idle
カフェで秘密の暴露タイム,translate,out of pocket,それやばすぎでしょ!,並び替えて英文を作ろう,That's so out of pocket,,,,,me|That's|of|she|audacity|out|pocket|so,out-of-pocket.mp3,やばすぎ／常識外れ / 例: That's so out of pocket! / 訳: それやばすぎでしょ! / 由来: 直訳は「ポケットから外」で「常識のワクからハミ出てる」イメージ。誰かがぶっ飛んだ発言や行動をした時に「out of pocket!」って呆れ半分で使うよ。,teamon,idle
カフェで秘密の暴露タイム,translate,the audacity,彼、よくもそんなこと！,並び替えて英文を作ろう,The audacity of him,,,,,after|tea|him|The|of|audacity|cringe,the-audacity.mp3,よくもそんなことを！ / 例: The audacity of him! / 訳: 彼、よくもそんなこと！ / 由来: 「よくもまあ!」って呆れたリアクション。誰かが図々しいことをした時、「The audacity!!」って叫ぶだけで「信じられない!」の気持ちが伝わるよ。,teamon,idle
パーティーでテンション爆上げ,translate,fire,あの曲マジで最高！,並び替えて英文を作ろう,That song is fire,,,,,fire|That|outfit|party|song|is|omg,fire.mp3,超イケてる／最高 / 例: That song is fire! / 訳: あの曲マジで最高！ / 由来: 🔥「燃えてる」ってことで「めっちゃアツい!最高!」の意味。音楽・料理・ファッション、なんでも「マジで最高!」って褒めたい時に使えるよ。,firemon,idle
パーティーでテンション爆上げ,translate,lit,このパーティ最高！,並び替えて英文を作ろう,This party is lit,,,,,lit|that|is|party|This|way|omg,lit.mp3,最高！／盛り上がってる / 例: This party is lit! / 訳: このパーティー最高！ / 由来: 「点火された」から「盛り上がってる!」って意味に。パーティーやライブが「めっちゃ楽しい!」って時に「It's lit!!」って言うと超盛り上がる感じが伝わる。,firemon,idle
パーティーでテンション爆上げ,translate,no way,マジで！？うそでしょ！,並び替えて英文を作ろう,No way,,,,,No|outfit|out|way|omg,no-way.mp3,マジで！？／うそでしょ！ / 例: No way! / 訳: マジで！？うそでしょ！ / 由来: 「うそでしょ!」「マジで!?」の定番リアクション。びっくりした時、驚いた時、単純に「ありえない!」って言いたい時に。会話でよく使うよ。,firemon,idle
パーティーでテンション爆上げ,translate,that's sick,見て！すごい！,並び替えて英文を作ろう,Check this out that's sick,,,,,sick|your|this|fire|out|Check|you|That's,that-s-sick.mp3,すごい！／最高！ / 例: Check this out! That's sick! / 訳: 見て！すごい！ / 由来: 「sick=病気」なのに、逆に「めっちゃクール!」って意味。「マジで最悪」を反対に「マジで最高」って言うのは、スケボー好きな子たちが言い始めたって言われてるよ。,firemon,idle
パーティーでテンション爆上げ,translate,slay,その服イケすぎ！,並び替えて英文を作ろう,OMG you slayed in your outfit,,,,,slayed|OMG|your|you|lit|outfit|out|that|in,slay.mp3,圧勝する・最高・イケてる / 例: OMG you slayed in your outfit! / 訳: その服イケすぎ！ / 由来: 直訳は「(敵を)倒す」だけど、「圧倒的にキメる!」って意味。服がキマってる、ダンスがすごい、そんな時に「You slayed!(かっこよすぎ!)」って褒めるよ。,firemon,idle
推しに惚れちゃう褒め殺し,translate,ate,彼女の演技、最高だった。,並び替えて英文を作ろう,She ate that performance,,,,,She|ate|win|performance|snatched|that|had,ate.mp3,完璧にやり遂げた／最高だった,slaymon,idle
推しに惚れちゃう褒め殺し,translate,snatched,彼女のバッグ、イケてる！,並び替えて英文を作ろう,Her bag is snatched,,,,,bag|is|had|gz|Her|snatched|on,snatched.mp3,イケてる／キマってる / 例: Her bag is snatched! / 訳: 彼女のバッグ、イケてる！ / 由来: 「引き締まってる」「キリッとしてる」って意味。眉毛やヘアスタイル、服装がめっちゃキマってる時に「Your brows are snatched!(眉毛キマってる!)」って褒めるフレーズ。,slaymon,idle
推しに惚れちゃう褒め殺し,translate,GZ,勝利おめでとう！,並び替えて英文を作ろう,GZ on your win,,,,,glow|your|on|you|GZ|that|win,gz.mp3,おめでとう / 例: GZ on your win! / 訳: 勝利おめでとう！ / 略: GZ = Congratulations（おめでとう）を超短縮したもの / 由来: Congratulations→Grats→GZと段々短くなった形。ゲームで仲間が勝ったり、達成した時にサッと「GZ!」ってチャットで送るよ。,slaymon,idle
推しに惚れちゃう褒め殺し,translate,kudos,勝利おめでとう、よくやったね！,並び替えて英文を作ろう,Kudos on the win,,,,,she|on|win|the|had|Kudos|your,kudos.mp3,よくやったね／お見事 / 例: Kudos on the win! / 訳: 勝利おめでとう、よくやったね！ / 由来: ちょっと大人っぽい褒め言葉で「よくやったね!」「お見事!」。友達が試験に受かった時なんかに「Kudos!」って言うと、少し格好つけた褒め方になるよ。,slaymon,idle
推しに惚れちゃう褒め殺し,translate,glow up,彼女、垢抜けたね。,並び替えて英文を作ろう,She had a glow up,,,,,is|bag|up|had|on|She|glow|a,glow-up.mp3,見違えるほど垢抜ける / 例: She had a glow up. / 訳: 彼女、垢抜けたね。 / 由来: 「キラキラ度が上がる」= 見違えるくらい垢抜けた、成長したって意味。昔と今の写真を並べて「Glow up!」って言うと、「めっちゃ変わったね(良い意味で)」って感じ。,slaymon,idle
サクッと相槌タイム,translate,bet,いいね！行こう！,並び替えて英文を作ろう,Person B bet,,,,,BET|the|Person|B|not|for,bet.mp3,いいね！／了解 / 例: Person B: BET! / 訳: いいね！行こう！ / 由来: 元は「賭ける」だけど、若者言葉では「OK!任せて!」の意味。「明日集まる?」→「Bet.(了解!)」みたいに一言で使えるから超便利。,betmon,idle
サクッと相槌タイム,translate,no doubt,確かに。もう終わるなんて信じられない。,並び替えて英文を作ろう,No doubt Can't believe it's over,,,,,over|doubt|true|bet|believe|Can't|it's|No|not,no-doubt.mp3,確かに／絶対そう / 例: No doubt. Can't believe it's over. / 訳: 確かに。もう終わるなんて信じられない。 / 由来: 直訳「疑いなし」= 「もちろん!」「間違いなくそう!」って強く同意する時に。,betmon,idle
サクッと相槌タイム,translate,that's for sure,彼が一番面白い。ーそれは間違いない。,並び替えて英文を作ろう,He's the funniest that's for sure,,,,,the|funniest|true|doubt|sure|bet|for|That's|He's,that-s-for-sure.mp3,それは間違いない / 例: He's the funniest. — That's for sure. / 訳: 彼が一番面白い。ーそれは間違いない。 / 由来: 「それはたしかにそう!」って強く同意する時のフレーズ。相手の意見に完全に賛成する時に使うよ。,betmon,idle
サクッと相槌タイム,translate,not bad,どう？ー悪くないね。,並び替えて英文を作ろう,How is it not bad,,,,,is|the|How|Not|bet|bad|over|it,not-bad.mp3,悪くないね／いい感じ / 例: How is it? — Not bad. / 訳: どう？ー悪くないね。 / 由来: 「悪くないね」って言いつつ、実は「かなりいい!」って思ってる時の遠回しな褒め方。イギリス人がよく使う、ちょっとクールな褒め言葉なんだ。,betmon,idle
友達の話に全力共感,translate,I feel you,わかるよ。あれは不運だったね。,並び替えて英文を作ろう,I feel you That was unlucky,,,,,mood|you|thought|feel|I|That|was|it|unlucky,i-feel-you.mp3,わかるよ／同感 / 例: I feel you. That was unlucky. / 訳: わかるよ。あれは不運だったね。 / 由来: 直訳「あなたを感じる」= 「あなたの気持ち、わかるよ」の意味。友達の悩みやグチに温かく共感したい時にピッタリ。,feelmon,idle
友達の話に全力共感,translate,big mood,その気持ちマジでわかるー,並び替えて英文を作ろう,That's such a big mood,,,,,me|that|a|about|That's|such|mood|big,big-mood.mp3,超わかる／それな / 例: That's such a big mood! / 訳: その気持ちマジでわかるー / 由来: 「大きな気分」= 「めっちゃそれ!」「同じ気分!」って共感する時に。SNSでみんなが同じ気持ちのポストに「Big mood.」ってコメントするのが定番。,feelmon,idle
友達の話に全力共感,translate,tell me about it,ほんとそれ。俺もだよ。,並び替えて英文を作ろう,Tell me about it Same here,,,,,big|mood|Tell|it|about|exactly|Same|me|here,tell-me-about-it.mp3,ほんとそれ／同感だよ / 例: Tell me about it. Same here. / 訳: ほんとそれ。俺もだよ。 / 由来: 直訳と逆で「わかる〜、ほんとそれ〜」って強く共感する言い方。「教えて」じゃなくて「わかってるって!」の意味だから、はじめて聞くとビックリするかも。,feelmon,idle
友達の話に全力共感,translate,exactly my thought,私も今そう思ってた！,並び替えて英文を作ろう,Exactly my thought,,,,,thought|Exactly|tell|was|my|unlucky,exactly-my-thought.mp3,私もそう思ってた / 例: Exactly my thought! / 訳: 私も今そう思ってた！ / 由来: 「まさに私が思ってた!」って完全同意の意味。「実は私もそう思ってた!」って盛り上がりたい時のフレーズ。,feelmon,idle
地味にイラッとした本音,translate,salty,彼、負けたから機嫌悪いんだよ。,並び替えて英文を作ろう,He's salty because he lost,,,,,salty|He's|so|lost|are|he|because|annoying,salty.mp3,拗ねてる／不機嫌 / 例: He's salty because he lost. / 訳: 彼、負けたから機嫌悪いんだよ。 / 由来: 「塩っぽい」= 拗ねてる、機嫌が悪い、悔しがってるって意味。ゲームやスポーツで負けて「くそ〜!」って怒ってる人に「Don't be salty!」って使うよ。,saltmon,idle
地味にイラッとした本音,translate,jelly,ラッキーだね。うらやましい！,並び替えて英文を作ろう,You're so lucky I'm jelly,,,,,lucky|I'm|he|jelly|so|You're|annoying|are,jelly.mp3,うらやましい / 例: You're so lucky. I'm jelly! / 訳: ラッキーだね。うらやましい！ / 略: Jealous（嫉妬してる）を可愛く縮めたもの / 由来: 「いいな〜、うらやましい〜」って可愛らしく嫉妬する言い方。本気の嫉妬じゃなくて、冗談っぽい軽いニュアンスだよ。,saltmon,idle
地味にイラッとした本音,translate,pressed,なんでそんな焦ってんの？,並び替えて英文を作ろう,Why are you so pressed,,,,,because|salty|you|jelly|Why|are|so|pressed,pressed.mp3,イライラ／焦ってる / 例: Why are you so pressed? / 訳: なんでそんな焦ってんの？ / 由来: 「押さえつけられた」= イライラ、ピリピリ、焦ってるって意味。「なんでそんなカリカリしてるの?」って言いたい時「Why you so pressed?」って使うよ。,saltmon,idle
地味にイラッとした本音,translate,so annoying,それむかつく。,並び替えて英文を作ろう,That's so annoying,,,,,you|annoying|are|why|so|That's,so-annoying.mp3,むかつく・うざい / 例: That's so annoying. / 訳: それむかつく。 / 由来: 「めっちゃウザい!」って定番のイライラ表現。人にも状況にも使えて超便利。,saltmon,idle
遅刻ピンチの言い訳集,translate,I'm running late,ちょっと遅れそう。すぐ行くよ。,並び替えて英文を作ろう,I'm running late Be there soon,,,,,soon|there|running|forgot|mind|later|Be|late|I'm,i-m-running-late.mp3,遅れそう / 例: I'm running late. Be there soon. / 訳: ちょっと遅れそう。すぐ行くよ。 / 由来: 「予定に走って追いつこうとしてる=遅れそう」の意味。ビジネスでもプライベートでも使える万能フレーズ。,latemon,idle
遅刻ピンチの言い訳集,translate,I'm running behind,ごめん、遅れちゃった。,並び替えて英文を作ろう,Sorry I'm running behind,,,,,there|behind|weekend|Sorry|catch|running|I'm,i-m-running-behind.mp3,"遅れちゃった／遅れそう / 例: Sorry, I'm running behind. / 訳: ごめん、遅れちゃった。 / 由来: 「予定より後ろを走ってる=スケジュールが押してる」。「running late」より少し丁寧で、仕事や医者の予約で「少しお待ちください」って伝える時にも使うよ。",latemon,idle
遅刻ピンチの言い訳集,translate,my bad,ごめん、忘れてた。,並び替えて英文を作ろう,My bad I forgot,,,,,behind|I|My|bad|be|forgot|slipped,my-bad.mp3,"ごめんね・私のミス / 例: My bad, I forgot. / 訳: ごめん、忘れてた。 / 由来: 「私の悪(=私のミス)」って軽く謝る言い方。ゲームやスポーツでちょっとしたミスをした時に、深刻にならずに「MB!(ごめん!)」って謝る感じ。",latemon,idle
遅刻ピンチの言い訳集,translate,it slipped my mind,ごめん、忘れちゃった。,並び替えて英文を作ろう,Sorry it slipped my mind,,,,,behind|mind|slipped|Sorry|my|be|weekend|it,it-slipped-my-mind.mp3,"忘れちゃった / 例: Sorry, it slipped my mind. / 訳: ごめん、忘れちゃった。 / 由来: 「頭からすべり落ちた」= 「うっかり忘れてた」って意味。「forgot」より少し丁寧な言い方で、仕事の謝罪でも使える便利な表現。",latemon,idle
遅刻ピンチの言い訳集,translate,hang,週末に遊ぼう！,並び替えて英文を作ろう,Let's hang this weekend,,,,,weekend|Let's|hang|this|late|be|behind,hang.mp3,遊ぶ・つるむ / 例: Let's hang this weekend! / 訳: 週末に遊ぼう！ / 略: hang out（つるむ）を短くしたもの / 由来: 「hang out(一緒に過ごす、遊ぶ)」を短くした言い方。「Let's hang!」で「一緒に遊ぼうよ!」って軽く誘う感じで使うよ。,latemon,idle
遅刻ピンチの言い訳集,translate,catch you later,またね！ーじゃあね！,並び替えて英文を作ろう,See you catch you later,,,,,later|See|hang|you|Catch|slipped|you|forgot,catch-you-later.mp3,またね／じゃあね / 例: See you! — Catch you later! / 訳: またね！ーじゃあね！ / 由来: 「あとで捕まえるね」= 「またあとで会おうね!」の親しみを込めた別れの挨拶。サーフィンで有名なカリフォルニアで生まれたって言われてる、明るい別れの言葉だよ。,latemon,idle
